{"data":[{"files":[{"filename":"/src/libjpeg-turbo.main/fuzz/save_image.cc","summary":{"branches":{"count":46,"covered":33,"notcovered":13,"percent":71.739130434782609},"functions":{"count":1,"covered":1,"percent":100},"instantiations":{"count":1,"covered":1,"percent":100},"lines":{"count":83,"covered":78,"percent":93.975903614457835},"mcdc":{"count":0,"covered":0,"notcovered":0,"percent":0},"regions":{"count":68,"covered":60,"notcovered":8,"percent":88.235294117647058}}},{"filename":"/src/libjpeg-turbo.main/jconfig.h","summary":{"branches":{"count":0,"covered":0,"notcovered":0,"percent":0},"functions":{"count":0,"covered":0,"percent":0},"instantiations":{"count":0,"covered":0,"percent":0},"lines":{"count":0,"covered":0,"percent":0},"mcdc":{"count":0,"covered":0,"notcovered":0,"percent":0},"regions":{"count":0,"covered":0,"notcovered":0,"percent":0}}},{"filename":"/src/libjpeg-turbo.main/jconfigint.h","summary":{"branches":{"count":0,"covered":0,"notcovered":0,"percent":0},"functions":{"count":0,"covered":0,"percent":0},"instantiations":{"count":0,"covered":0,"percent":0},"lines":{"count":0,"covered":0,"percent":0},"mcdc":{"count":0,"covered":0,"notcovered":0,"percent":0},"regions":{"count":0,"covered":0,"notcovered":0,"percent":0}}},{"filename":"/src/libjpeg-turbo.main/simd/jsimd.h","summary":{"branches":{"count":0,"covered":0,"notcovered":0,"percent":0},"functions":{"count":0,"covered":0,"percent":0},"instantiations":{"count":0,"covered":0,"percent":0},"lines":{"count":0,"covered":0,"percent":0},"mcdc":{"count":0,"covered":0,"notcovered":0,"percent":0},"regions":{"count":0,"covered":0,"notcovered":0,"percent":0}}},{"filename":"/src/libjpeg-turbo.main/simd/x86_64/jsimd.c","summary":{"branches":{"count":322,"covered":0,"notcovered":322,"percent":0},"functions":{"count":55,"covered":0,"percent":0},"instantiations":{"count":55,"covered":0,"percent":0},"lines":{"count":745,"covered":0,"percent":0},"mcdc":{"count":0,"covered":0,"notcovered":0,"percent":0},"regions":{"count":747,"covered":0,"notcovered":747,"percent":0}}},{"filename":"/src/libjpeg-turbo.main/src/cmyk.h","summary":{"branches":{"count":8,"covered":0,"notcovered":8,"percent":0},"functions":{"count":2,"covered":1,"percent":50},"instantiations":{"count":8,"covered":1,"percent":12.5},"lines":{"count":22,"covered":5,"percent":22.727272727272727},"mcdc":{"count":0,"covered":0,"notcovered":0,"percent":0},"regions":{"count":15,"covered":1,"notcovered":14,"percent":6.666666666666667}}},{"filename":"/src/libjpeg-turbo.main/src/jcapimin.c","summary":{"branches":{"count":68,"covered":0,"notcovered":68,"percent":0},"functions":{"count":9,"covered":0,"percent":0},"instantiations":{"count":9,"covered":0,"percent":0},"lines":{"count":132,"covered":0,"percent":0},"mcdc":{"count":0,"covered":0,"notcovered":0,"percent":0},"regions":{"count":109,"covered":0,"notcovered":109,"percent":0}}},{"filename":"/src/libjpeg-turbo.main/src/jcapistd.c","summary":{"branches":{"count":44,"covered":0,"notcovered":44,"percent":0},"functions":{"count":3,"covered":0,"percent":0},"instantiations":{"count":6,"covered":0,"percent":0},"lines":{"count":78,"covered":0,"percent":0},"mcdc":{"count":0,"covered":0,"notcovered":0,"percent":0},"regions":{"count":65,"covered":0,"notcovered":65,"percent":0}}},{"filename":"/src/libjpeg-turbo.main/src/jcarith.c","summary":{"branches":{"count":276,"covered":0,"notcovered":276,"percent":0},"functions":{"count":11,"covered":0,"percent":0},"instantiations":{"count":11,"covered":0,"percent":0},"lines":{"count":547,"covered":0,"percent":0},"mcdc":{"count":0,"covered":0,"notcovered":0,"percent":0},"regions":{"count":358,"covered":0,"notcovered":358,"percent":0}}},{"filename":"/src/libjpeg-turbo.main/src/jccoefct.c","summary":{"branches":{"count":84,"covered":0,"notcovered":84,"percent":0},"functions":{"count":6,"covered":0,"percent":0},"instantiations":{"count":7,"covered":0,"percent":0},"lines":{"count":239,"covered":0,"percent":0},"mcdc":{"count":0,"covered":0,"notcovered":0,"percent":0},"regions":{"count":138,"covered":0,"notcovered":138,"percent":0}}},{"filename":"/src/libjpeg-turbo.main/src/jccolext.c","summary":{"branches":{"count":12,"covered":0,"notcovered":12,"percent":0},"functions":{"count":3,"covered":0,"percent":0},"instantiations":{"count":21,"covered":0,"percent":0},"lines":{"count":71,"covered":0,"percent":0},"mcdc":{"count":0,"covered":0,"notcovered":0,"percent":0},"regions":{"count":56,"covered":0,"notcovered":56,"percent":0}}},{"filename":"/src/libjpeg-turbo.main/src/jccolor.c","summary":{"branches":{"count":236,"covered":0,"notcovered":236,"percent":0},"functions":{"count":9,"covered":0,"percent":0},"instantiations":{"count":11,"covered":0,"percent":0},"lines":{"count":380,"covered":0,"percent":0},"mcdc":{"count":0,"covered":0,"notcovered":0,"percent":0},"regions":{"count":299,"covered":0,"notcovered":299,"percent":0}}},{"filename":"/src/libjpeg-turbo.main/src/jcdctmgr.c","summary":{"branches":{"count":102,"covered":0,"notcovered":102,"percent":0},"functions":{"count":10,"covered":0,"percent":0},"instantiations":{"count":11,"covered":0,"percent":0},"lines":{"count":354,"covered":0,"percent":0},"mcdc":{"count":0,"covered":0,"notcovered":0,"percent":0},"regions":{"count":194,"covered":0,"notcovered":194,"percent":0}}},{"filename":"/src/libjpeg-turbo.main/src/jcdiffct.c","summary":{"branches":{"count":60,"covered":0,"notcovered":60,"percent":0},"functions":{"count":6,"covered":0,"percent":0},"instantiations":{"count":8,"covered":0,"percent":0},"lines":{"count":194,"covered":0,"percent":0},"mcdc":{"count":0,"covered":0,"notcovered":0,"percent":0},"regions":{"count":101,"covered":0,"notcovered":101,"percent":0}}},{"filename":"/src/libjpeg-turbo.main/src/jchuff.c","summary":{"branches":{"count":1104,"covered":0,"notcovered":1104,"percent":0},"functions":{"count":14,"covered":0,"percent":0},"instantiations":{"count":14,"covered":0,"percent":0},"lines":{"count":500,"covered":0,"percent":0},"mcdc":{"count":0,"covered":0,"notcovered":0,"percent":0},"regions":{"count":3210,"covered":0,"notcovered":3210,"percent":0}}},{"filename":"/src/libjpeg-turbo.main/src/jcicc.c","summary":{"branches":{"count":14,"covered":0,"notcovered":14,"percent":0},"functions":{"count":1,"covered":0,"percent":0},"instantiations":{"count":1,"covered":0,"percent":0},"lines":{"count":39,"covered":0,"percent":0},"mcdc":{"count":0,"covered":0,"notcovered":0,"percent":0},"regions":{"count":31,"covered":0,"notcovered":31,"percent":0}}},{"filename":"/src/libjpeg-turbo.main/src/jcinit.c","summary":{"branches":{"count":52,"covered":0,"notcovered":52,"percent":0},"functions":{"count":1,"covered":0,"percent":0},"instantiations":{"count":1,"covered":0,"percent":0},"lines":{"count":77,"covered":0,"percent":0},"mcdc":{"count":0,"covered":0,"notcovered":0,"percent":0},"regions":{"count":66,"covered":0,"notcovered":66,"percent":0}}},{"filename":"/src/libjpeg-turbo.main/src/jclhuff.c","summary":{"branches":{"count":106,"covered":0,"notcovered":106,"percent":0},"functions":{"count":10,"covered":0,"percent":0},"instantiations":{"count":10,"covered":0,"percent":0},"lines":{"count":246,"covered":0,"percent":0},"mcdc":{"count":0,"covered":0,"notcovered":0,"percent":0},"regions":{"count":163,"covered":0,"notcovered":163,"percent":0}}},{"filename":"/src/libjpeg-turbo.main/src/jclossls.c","summary":{"branches":{"count":78,"covered":0,"notcovered":78,"percent":0},"functions":{"count":13,"covered":0,"percent":0},"instantiations":{"count":15,"covered":0,"percent":0},"lines":{"count":93,"covered":0,"percent":0},"mcdc":{"count":0,"covered":0,"notcovered":0,"percent":0},"regions":{"count":108,"covered":0,"notcovered":108,"percent":0}}},{"filename":"/src/libjpeg-turbo.main/src/jcmainct.c","summary":{"branches":{"count":34,"covered":0,"notcovered":34,"percent":0},"functions":{"count":3,"covered":0,"percent":0},"instantiations":{"count":5,"covered":0,"percent":0},"lines":{"count":74,"covered":0,"percent":0},"mcdc":{"count":0,"covered":0,"notcovered":0,"percent":0},"regions":{"count":59,"covered":0,"notcovered":59,"percent":0}}},{"filename":"/src/libjpeg-turbo.main/src/jcmarker.c","summary":{"branches":{"count":136,"covered":0,"notcovered":136,"percent":0},"functions":{"count":19,"covered":0,"percent":0},"instantiations":{"count":19,"covered":0,"percent":0},"lines":{"count":294,"covered":0,"percent":0},"mcdc":{"count":0,"covered":0,"notcovered":0,"percent":0},"regions":{"count":204,"covered":0,"notcovered":204,"percent":0}}},{"filename":"/src/libjpeg-turbo.main/src/jcmaster.c","summary":{"branches":{"count":292,"covered":0,"notcovered":292,"percent":0},"functions":{"count":9,"covered":0,"percent":0},"instantiations":{"count":9,"covered":0,"percent":0},"lines":{"count":504,"covered":0,"percent":0},"mcdc":{"count":0,"covered":0,"notcovered":0,"percent":0},"regions":{"count":406,"covered":0,"notcovered":406,"percent":0}}},{"filename":"/src/libjpeg-turbo.main/src/jcomapi.c","summary":{"branches":{"count":8,"covered":1,"notcovered":7,"percent":12.5},"functions":{"count":4,"covered":1,"percent":25},"instantiations":{"count":4,"covered":1,"percent":25},"lines":{"count":35,"covered":6,"percent":17.142857142857142},"mcdc":{"count":0,"covered":0,"notcovered":0,"percent":0},"regions":{"count":23,"covered":3,"notcovered":20,"percent":13.043478260869565}}},{"filename":"/src/libjpeg-turbo.main/src/jcparam.c","summary":{"branches":{"count":126,"covered":0,"notcovered":126,"percent":0},"functions":{"count":12,"covered":0,"percent":0},"instantiations":{"count":12,"covered":0,"percent":0},"lines":{"count":279,"covered":0,"percent":0},"mcdc":{"count":0,"covered":0,"notcovered":0,"percent":0},"regions":{"count":177,"covered":0,"notcovered":177,"percent":0}}},{"filename":"/src/libjpeg-turbo.main/src/jcphuff.c","summary":{"branches":{"count":160,"covered":0,"notcovered":160,"percent":0},"functions":{"count":18,"covered":0,"percent":0},"instantiations":{"count":18,"covered":0,"percent":0},"lines":{"count":396,"covered":0,"percent":0},"mcdc":{"count":0,"covered":0,"notcovered":0,"percent":0},"regions":{"count":238,"covered":0,"notcovered":238,"percent":0}}},{"filename":"/src/libjpeg-turbo.main/src/jcprepct.c","summary":{"branches":{"count":72,"covered":0,"notcovered":72,"percent":0},"functions":{"count":6,"covered":0,"percent":0},"instantiations":{"count":8,"covered":0,"percent":0},"lines":{"count":183,"covered":0,"percent":0},"mcdc":{"count":0,"covered":0,"notcovered":0,"percent":0},"regions":{"count":115,"covered":0,"notcovered":115,"percent":0}}},{"filename":"/src/libjpeg-turbo.main/src/jcsample.c","summary":{"branches":{"count":84,"covered":0,"notcovered":84,"percent":0},"functions":{"count":10,"covered":0,"percent":0},"instantiations":{"count":12,"covered":0,"percent":0},"lines":{"count":268,"covered":0,"percent":0},"mcdc":{"count":0,"covered":0,"notcovered":0,"percent":0},"regions":{"count":139,"covered":0,"notcovered":139,"percent":0}}},{"filename":"/src/libjpeg-turbo.main/src/jctrans.c","summary":{"branches":{"count":70,"covered":0,"notcovered":70,"percent":0},"functions":{"count":8,"covered":0,"percent":0},"instantiations":{"count":8,"covered":0,"percent":0},"lines":{"count":189,"covered":0,"percent":0},"mcdc":{"count":0,"covered":0,"notcovered":0,"percent":0},"regions":{"count":116,"covered":0,"notcovered":116,"percent":0}}},{"filename":"/src/libjpeg-turbo.main/src/jdapimin.c","summary":{"branches":{"count":112,"covered":6,"notcovered":106,"percent":5.3571428571428568},"functions":{"count":9,"covered":2,"percent":22.222222222222221},"instantiations":{"count":9,"covered":2,"percent":22.222222222222221},"lines":{"count":215,"covered":36,"percent":16.744186046511629},"mcdc":{"count":0,"covered":0,"notcovered":0,"percent":0},"regions":{"count":177,"covered":17,"notcovered":160,"percent":9.6045197740112993}}},{"filename":"/src/libjpeg-turbo.main/src/jdapistd.c","summary":{"branches":{"count":228,"covered":0,"notcovered":228,"percent":0},"functions":{"count":12,"covered":0,"percent":0},"instantiations":{"count":17,"covered":0,"percent":0},"lines":{"count":402,"covered":0,"percent":0},"mcdc":{"count":0,"covered":0,"notcovered":0,"percent":0},"regions":{"count":355,"covered":0,"notcovered":355,"percent":0}}},{"filename":"/src/libjpeg-turbo.main/src/jdarith.c","summary":{"branches":{"count":274,"covered":0,"notcovered":274,"percent":0},"functions":{"count":10,"covered":0,"percent":0},"instantiations":{"count":10,"covered":0,"percent":0},"lines":{"count":459,"covered":0,"percent":0},"mcdc":{"count":0,"covered":0,"notcovered":0,"percent":0},"regions":{"count":403,"covered":0,"notcovered":403,"percent":0}}},{"filename":"/src/libjpeg-turbo.main/src/jdatadst-tj.c","summary":{"branches":{"count":30,"covered":0,"notcovered":30,"percent":0},"functions":{"count":4,"covered":0,"percent":0},"instantiations":{"count":4,"covered":0,"percent":0},"lines":{"count":63,"covered":0,"percent":0},"mcdc":{"count":0,"covered":0,"notcovered":0,"percent":0},"regions":{"count":44,"covered":0,"notcovered":44,"percent":0}}},{"filename":"/src/libjpeg-turbo.main/src/jdatasrc-tj.c","summary":{"branches":{"count":12,"covered":3,"notcovered":9,"percent":25},"functions":{"count":5,"covered":1,"percent":20},"instantiations":{"count":5,"covered":1,"percent":20},"lines":{"count":44,"covered":17,"percent":38.636363636363633},"mcdc":{"count":0,"covered":0,"notcovered":0,"percent":0},"regions":{"count":23,"covered":7,"notcovered":16,"percent":30.434782608695656}}},{"filename":"/src/libjpeg-turbo.main/src/jdcoefct.c","summary":{"branches":{"count":330,"covered":0,"notcovered":330,"percent":0},"functions":{"count":9,"covered":0,"percent":0},"instantiations":{"count":10,"covered":0,"percent":0},"lines":{"count":606,"covered":0,"percent":0},"mcdc":{"count":0,"covered":0,"notcovered":0,"percent":0},"regions":{"count":489,"covered":0,"notcovered":489,"percent":0}}},{"filename":"/src/libjpeg-turbo.main/src/jdcoefct.h","summary":{"branches":{"count":4,"covered":0,"notcovered":4,"percent":0},"functions":{"count":1,"covered":0,"percent":0},"instantiations":{"count":2,"covered":0,"percent":0},"lines":{"count":13,"covered":0,"percent":0},"mcdc":{"count":0,"covered":0,"notcovered":0,"percent":0},"regions":{"count":7,"covered":0,"notcovered":7,"percent":0}}},{"filename":"/src/libjpeg-turbo.main/src/jdcol565.c","summary":{"branches":{"count":48,"covered":0,"notcovered":48,"percent":0},"functions":{"count":6,"covered":0,"percent":0},"instantiations":{"count":12,"covered":0,"percent":0},"lines":{"count":305,"covered":0,"percent":0},"mcdc":{"count":0,"covered":0,"notcovered":0,"percent":0},"regions":{"count":131,"covered":0,"notcovered":131,"percent":0}}},{"filename":"/src/libjpeg-turbo.main/src/jdcolext.c","summary":{"branches":{"count":12,"covered":0,"notcovered":12,"percent":0},"functions":{"count":3,"covered":0,"percent":0},"instantiations":{"count":21,"covered":0,"percent":0},"lines":{"count":74,"covered":0,"percent":0},"mcdc":{"count":0,"covered":0,"notcovered":0,"percent":0},"regions":{"count":37,"covered":0,"notcovered":37,"percent":0}}},{"filename":"/src/libjpeg-turbo.main/src/jdcolor.c","summary":{"branches":{"count":230,"covered":0,"notcovered":230,"percent":0},"functions":{"count":18,"covered":0,"percent":0},"instantiations":{"count":20,"covered":0,"percent":0},"lines":{"count":465,"covered":0,"percent":0},"mcdc":{"count":0,"covered":0,"notcovered":0,"percent":0},"regions":{"count":304,"covered":0,"notcovered":304,"percent":0}}},{"filename":"/src/libjpeg-turbo.main/src/jdct.h","summary":{"branches":{"count":0,"covered":0,"notcovered":0,"percent":0},"functions":{"count":0,"covered":0,"percent":0},"instantiations":{"count":0,"covered":0,"percent":0},"lines":{"count":0,"covered":0,"percent":0},"mcdc":{"count":0,"covered":0,"notcovered":0,"percent":0},"regions":{"count":0,"covered":0,"notcovered":0,"percent":0}}},{"filename":"/src/libjpeg-turbo.main/src/jddctmgr.c","summary":{"branches":{"count":70,"covered":0,"notcovered":70,"percent":0},"functions":{"count":2,"covered":0,"percent":0},"instantiations":{"count":3,"covered":0,"percent":0},"lines":{"count":193,"covered":0,"percent":0},"mcdc":{"count":0,"covered":0,"notcovered":0,"percent":0},"regions":{"count":91,"covered":0,"notcovered":91,"percent":0}}},{"filename":"/src/libjpeg-turbo.main/src/jddiffct.c","summary":{"branches":{"count":58,"covered":0,"notcovered":58,"percent":0},"functions":{"count":9,"covered":0,"percent":0},"instantiations":{"count":11,"covered":0,"percent":0},"lines":{"count":187,"covered":0,"percent":0},"mcdc":{"count":0,"covered":0,"notcovered":0,"percent":0},"regions":{"count":111,"covered":0,"notcovered":111,"percent":0}}},{"filename":"/src/libjpeg-turbo.main/src/jdhuff.c","summary":{"branches":{"count":392,"covered":0,"notcovered":392,"percent":0},"functions":{"count":9,"covered":0,"percent":0},"instantiations":{"count":9,"covered":0,"percent":0},"lines":{"count":367,"covered":0,"percent":0},"mcdc":{"count":0,"covered":0,"notcovered":0,"percent":0},"regions":{"count":649,"covered":0,"notcovered":649,"percent":0}}},{"filename":"/src/libjpeg-turbo.main/src/jdhuff.h","summary":{"branches":{"count":0,"covered":0,"notcovered":0,"percent":0},"functions":{"count":0,"covered":0,"percent":0},"instantiations":{"count":0,"covered":0,"percent":0},"lines":{"count":0,"covered":0,"percent":0},"mcdc":{"count":0,"covered":0,"notcovered":0,"percent":0},"regions":{"count":0,"covered":0,"notcovered":0,"percent":0}}},{"filename":"/src/libjpeg-turbo.main/src/jdicc.c","summary":{"branches":{"count":66,"covered":0,"notcovered":66,"percent":0},"functions":{"count":2,"covered":0,"percent":0},"instantiations":{"count":2,"covered":0,"percent":0},"lines":{"count":92,"covered":0,"percent":0},"mcdc":{"count":0,"covered":0,"notcovered":0,"percent":0},"regions":{"count":100,"covered":0,"notcovered":100,"percent":0}}},{"filename":"/src/libjpeg-turbo.main/src/jdinput.c","summary":{"branches":{"count":90,"covered":0,"notcovered":90,"percent":0},"functions":{"count":8,"covered":1,"percent":12.5},"instantiations":{"count":8,"covered":1,"percent":12.5},"lines":{"count":202,"covered":14,"percent":6.9306930693069315},"mcdc":{"count":0,"covered":0,"notcovered":0,"percent":0},"regions":{"count":141,"covered":5,"notcovered":136,"percent":3.5460992907801421}}},{"filename":"/src/libjpeg-turbo.main/src/jdlhuff.c","summary":{"branches":{"count":48,"covered":0,"notcovered":48,"percent":0},"functions":{"count":4,"covered":0,"percent":0},"instantiations":{"count":4,"covered":0,"percent":0},"lines":{"count":96,"covered":0,"percent":0},"mcdc":{"count":0,"covered":0,"notcovered":0,"percent":0},"regions":{"count":99,"covered":0,"notcovered":99,"percent":0}}},{"filename":"/src/libjpeg-turbo.main/src/jdlossls.c","summary":{"branches":{"count":56,"covered":0,"notcovered":56,"percent":0},"functions":{"count":12,"covered":0,"percent":0},"instantiations":{"count":14,"covered":0,"percent":0},"lines":{"count":87,"covered":0,"percent":0},"mcdc":{"count":0,"covered":0,"notcovered":0,"percent":0},"regions":{"count":80,"covered":0,"notcovered":80,"percent":0}}},{"filename":"/src/libjpeg-turbo.main/src/jdmainct.c","summary":{"branches":{"count":70,"covered":0,"notcovered":70,"percent":0},"functions":{"count":8,"covered":0,"percent":0},"instantiations":{"count":10,"covered":0,"percent":0},"lines":{"count":205,"covered":0,"percent":0},"mcdc":{"count":0,"covered":0,"notcovered":0,"percent":0},"regions":{"count":140,"covered":0,"notcovered":140,"percent":0}}},{"filename":"/src/libjpeg-turbo.main/src/jdmainct.h","summary":{"branches":{"count":4,"covered":0,"notcovered":4,"percent":0},"functions":{"count":1,"covered":0,"percent":0},"instantiations":{"count":2,"covered":0,"percent":0},"lines":{"count":20,"covered":0,"percent":0},"mcdc":{"count":0,"covered":0,"notcovered":0,"percent":0},"regions":{"count":11,"covered":0,"notcovered":11,"percent":0}}},{"filename":"/src/libjpeg-turbo.main/src/jdmarker.c","summary":{"branches":{"count":606,"covered":2,"notcovered":604,"percent":0.33003300330033003},"functions":{"count":21,"covered":2,"percent":9.5238095238095237},"instantiations":{"count":21,"covered":2,"percent":9.5238095238095237},"lines":{"count":715,"covered":30,"percent":4.1958041958041958},"mcdc":{"count":0,"covered":0,"notcovered":0,"percent":0},"regions":{"count":1101,"covered":8,"notcovered":1093,"percent":0.72661217075386009}}},{"filename":"/src/libjpeg-turbo.main/src/jdmaster.c","summary":{"branches":{"count":298,"covered":40,"notcovered":258,"percent":13.422818791946309},"functions":{"count":9,"covered":3,"percent":33.333333333333329},"instantiations":{"count":9,"covered":3,"percent":33.333333333333329},"lines":{"count":547,"covered":72,"percent":13.16270566727605},"mcdc":{"count":0,"covered":0,"notcovered":0,"percent":0},"regions":{"count":540,"covered":69,"notcovered":471,"percent":12.777777777777777}}},{"filename":"/src/libjpeg-turbo.main/src/jdmerge.c","summary":{"branches":{"count":84,"covered":0,"notcovered":84,"percent":0},"functions":{"count":12,"covered":0,"percent":0},"instantiations":{"count":13,"covered":0,"percent":0},"lines":{"count":229,"covered":0,"percent":0},"mcdc":{"count":0,"covered":0,"notcovered":0,"percent":0},"regions":{"count":118,"covered":0,"notcovered":118,"percent":0}}},{"filename":"/src/libjpeg-turbo.main/src/jdmrg565.c","summary":{"branches":{"count":16,"covered":0,"notcovered":16,"percent":0},"functions":{"count":4,"covered":0,"percent":0},"instantiations":{"count":8,"covered":0,"percent":0},"lines":{"count":257,"covered":0,"percent":0},"mcdc":{"count":0,"covered":0,"notcovered":0,"percent":0},"regions":{"count":96,"covered":0,"notcovered":96,"percent":0}}},{"filename":"/src/libjpeg-turbo.main/src/jdmrgext.c","summary":{"branches":{"count":8,"covered":0,"notcovered":8,"percent":0},"functions":{"count":2,"covered":0,"percent":0},"instantiations":{"count":14,"covered":0,"percent":0},"lines":{"count":135,"covered":0,"percent":0},"mcdc":{"count":0,"covered":0,"notcovered":0,"percent":0},"regions":{"count":69,"covered":0,"notcovered":69,"percent":0}}},{"filename":"/src/libjpeg-turbo.main/src/jdphuff.c","summary":{"branches":{"count":234,"covered":0,"notcovered":234,"percent":0},"functions":{"count":7,"covered":0,"percent":0},"instantiations":{"count":7,"covered":0,"percent":0},"lines":{"count":339,"covered":0,"percent":0},"mcdc":{"count":0,"covered":0,"notcovered":0,"percent":0},"regions":{"count":416,"covered":0,"notcovered":416,"percent":0}}},{"filename":"/src/libjpeg-turbo.main/src/jdpostct.c","summary":{"branches":{"count":44,"covered":0,"notcovered":44,"percent":0},"functions":{"count":5,"covered":0,"percent":0},"instantiations":{"count":7,"covered":0,"percent":0},"lines":{"count":139,"covered":0,"percent":0},"mcdc":{"count":0,"covered":0,"notcovered":0,"percent":0},"regions":{"count":70,"covered":0,"notcovered":70,"percent":0}}},{"filename":"/src/libjpeg-turbo.main/src/jdsample.c","summary":{"branches":{"count":108,"covered":0,"notcovered":108,"percent":0},"functions":{"count":11,"covered":0,"percent":0},"instantiations":{"count":13,"covered":0,"percent":0},"lines":{"count":292,"covered":0,"percent":0},"mcdc":{"count":0,"covered":0,"notcovered":0,"percent":0},"regions":{"count":173,"covered":0,"notcovered":173,"percent":0}}},{"filename":"/src/libjpeg-turbo.main/src/jdtrans.c","summary":{"branches":{"count":38,"covered":0,"notcovered":38,"percent":0},"functions":{"count":2,"covered":0,"percent":0},"instantiations":{"count":2,"covered":0,"percent":0},"lines":{"count":66,"covered":0,"percent":0},"mcdc":{"count":0,"covered":0,"notcovered":0,"percent":0},"regions":{"count":67,"covered":0,"notcovered":67,"percent":0}}},{"filename":"/src/libjpeg-turbo.main/src/jerror.c","summary":{"branches":{"count":28,"covered":0,"notcovered":28,"percent":0},"functions":{"count":6,"covered":1,"percent":16.666666666666664},"instantiations":{"count":6,"covered":1,"percent":16.666666666666664},"lines":{"count":72,"covered":11,"percent":15.277777777777779},"mcdc":{"count":0,"covered":0,"notcovered":0,"percent":0},"regions":{"count":43,"covered":1,"notcovered":42,"percent":2.3255813953488373}}},{"filename":"/src/libjpeg-turbo.main/src/jerror.h","summary":{"branches":{"count":0,"covered":0,"notcovered":0,"percent":0},"functions":{"count":0,"covered":0,"percent":0},"instantiations":{"count":0,"covered":0,"percent":0},"lines":{"count":0,"covered":0,"percent":0},"mcdc":{"count":0,"covered":0,"notcovered":0,"percent":0},"regions":{"count":0,"covered":0,"notcovered":0,"percent":0}}},{"filename":"/src/libjpeg-turbo.main/src/jfdctflt.c","summary":{"branches":{"count":4,"covered":0,"notcovered":4,"percent":0},"functions":{"count":1,"covered":0,"percent":0},"instantiations":{"count":1,"covered":0,"percent":0},"lines":{"count":75,"covered":0,"percent":0},"mcdc":{"count":0,"covered":0,"notcovered":0,"percent":0},"regions":{"count":38,"covered":0,"notcovered":38,"percent":0}}},{"filename":"/src/libjpeg-turbo.main/src/jfdctfst.c","summary":{"branches":{"count":4,"covered":0,"notcovered":4,"percent":0},"functions":{"count":1,"covered":0,"percent":0},"instantiations":{"count":2,"covered":0,"percent":0},"lines":{"count":76,"covered":0,"percent":0},"mcdc":{"count":0,"covered":0,"notcovered":0,"percent":0},"regions":{"count":64,"covered":0,"notcovered":64,"percent":0}}},{"filename":"/src/libjpeg-turbo.main/src/jfdctint.c","summary":{"branches":{"count":4,"covered":0,"notcovered":4,"percent":0},"functions":{"count":1,"covered":0,"percent":0},"instantiations":{"count":2,"covered":0,"percent":0},"lines":{"count":98,"covered":0,"percent":0},"mcdc":{"count":0,"covered":0,"notcovered":0,"percent":0},"regions":{"count":104,"covered":0,"notcovered":104,"percent":0}}},{"filename":"/src/libjpeg-turbo.main/src/jidctflt.c","summary":{"branches":{"count":18,"covered":0,"notcovered":18,"percent":0},"functions":{"count":1,"covered":0,"percent":0},"instantiations":{"count":2,"covered":0,"percent":0},"lines":{"count":110,"covered":0,"percent":0},"mcdc":{"count":0,"covered":0,"notcovered":0,"percent":0},"regions":{"count":82,"covered":0,"notcovered":82,"percent":0}}},{"filename":"/src/libjpeg-turbo.main/src/jidctfst.c","summary":{"branches":{"count":32,"covered":0,"notcovered":32,"percent":0},"functions":{"count":1,"covered":0,"percent":0},"instantiations":{"count":2,"covered":0,"percent":0},"lines":{"count":133,"covered":0,"percent":0},"mcdc":{"count":0,"covered":0,"notcovered":0,"percent":0},"regions":{"count":162,"covered":0,"notcovered":162,"percent":0}}},{"filename":"/src/libjpeg-turbo.main/src/jidctint.c","summary":{"branches":{"count":80,"covered":0,"notcovered":80,"percent":0},"functions":{"count":13,"covered":0,"percent":0},"instantiations":{"count":26,"covered":0,"percent":0},"lines":{"count":1732,"covered":0,"percent":0},"mcdc":{"count":0,"covered":0,"notcovered":0,"percent":0},"regions":{"count":1718,"covered":0,"notcovered":1718,"percent":0}}},{"filename":"/src/libjpeg-turbo.main/src/jidctred.c","summary":{"branches":{"count":56,"covered":0,"notcovered":56,"percent":0},"functions":{"count":3,"covered":0,"percent":0},"instantiations":{"count":6,"covered":0,"percent":0},"lines":{"count":178,"covered":0,"percent":0},"mcdc":{"count":0,"covered":0,"notcovered":0,"percent":0},"regions":{"count":237,"covered":0,"notcovered":237,"percent":0}}},{"filename":"/src/libjpeg-turbo.main/src/jinclude.h","summary":{"branches":{"count":16,"covered":4,"notcovered":12,"percent":25},"functions":{"count":2,"covered":1,"percent":50},"instantiations":{"count":128,"covered":1,"percent":0.78125},"lines":{"count":40,"covered":11,"percent":27.500000000000004},"mcdc":{"count":0,"covered":0,"notcovered":0,"percent":0},"regions":{"count":25,"covered":9,"notcovered":16,"percent":36}}},{"filename":"/src/libjpeg-turbo.main/src/jlossls.h","summary":{"branches":{"count":0,"covered":0,"notcovered":0,"percent":0},"functions":{"count":0,"covered":0,"percent":0},"instantiations":{"count":0,"covered":0,"percent":0},"lines":{"count":0,"covered":0,"percent":0},"mcdc":{"count":0,"covered":0,"notcovered":0,"percent":0},"regions":{"count":0,"covered":0,"notcovered":0,"percent":0}}},{"filename":"/src/libjpeg-turbo.main/src/jmemmgr.c","summary":{"branches":{"count":272,"covered":74,"notcovered":198,"percent":27.205882352941174},"functions":{"count":16,"covered":8,"percent":50},"instantiations":{"count":16,"covered":8,"percent":50},"lines":{"count":628,"covered":250,"percent":39.808917197452232},"mcdc":{"count":0,"covered":0,"notcovered":0,"percent":0},"regions":{"count":433,"covered":157,"notcovered":276,"percent":36.258660508083139}}},{"filename":"/src/libjpeg-turbo.main/src/jmemnobs.c","summary":{"branches":{"count":4,"covered":0,"notcovered":4,"percent":0},"functions":{"count":8,"covered":6,"percent":75},"instantiations":{"count":8,"covered":6,"percent":75},"lines":{"count":30,"covered":17,"percent":56.666666666666664},"mcdc":{"count":0,"covered":0,"notcovered":0,"percent":0},"regions":{"count":17,"covered":8,"notcovered":9,"percent":47.058823529411761}}},{"filename":"/src/libjpeg-turbo.main/src/jmemsys.h","summary":{"branches":{"count":0,"covered":0,"notcovered":0,"percent":0},"functions":{"count":0,"covered":0,"percent":0},"instantiations":{"count":0,"covered":0,"percent":0},"lines":{"count":0,"covered":0,"percent":0},"mcdc":{"count":0,"covered":0,"notcovered":0,"percent":0},"regions":{"count":0,"covered":0,"notcovered":0,"percent":0}}},{"filename":"/src/libjpeg-turbo.main/src/jmorecfg.h","summary":{"branches":{"count":0,"covered":0,"notcovered":0,"percent":0},"functions":{"count":0,"covered":0,"percent":0},"instantiations":{"count":0,"covered":0,"percent":0},"lines":{"count":0,"covered":0,"percent":0},"mcdc":{"count":0,"covered":0,"notcovered":0,"percent":0},"regions":{"count":0,"covered":0,"notcovered":0,"percent":0}}},{"filename":"/src/libjpeg-turbo.main/src/jpeg_nbits.h","summary":{"branches":{"count":0,"covered":0,"notcovered":0,"percent":0},"functions":{"count":0,"covered":0,"percent":0},"instantiations":{"count":0,"covered":0,"percent":0},"lines":{"count":0,"covered":0,"percent":0},"mcdc":{"count":0,"covered":0,"notcovered":0,"percent":0},"regions":{"count":0,"covered":0,"notcovered":0,"percent":0}}},{"filename":"/src/libjpeg-turbo.main/src/jpegapicomp.h","summary":{"branches":{"count":0,"covered":0,"notcovered":0,"percent":0},"functions":{"count":0,"covered":0,"percent":0},"instantiations":{"count":0,"covered":0,"percent":0},"lines":{"count":0,"covered":0,"percent":0},"mcdc":{"count":0,"covered":0,"notcovered":0,"percent":0},"regions":{"count":0,"covered":0,"notcovered":0,"percent":0}}},{"filename":"/src/libjpeg-turbo.main/src/jpegint.h","summary":{"branches":{"count":0,"covered":0,"notcovered":0,"percent":0},"functions":{"count":0,"covered":0,"percent":0},"instantiations":{"count":0,"covered":0,"percent":0},"lines":{"count":0,"covered":0,"percent":0},"mcdc":{"count":0,"covered":0,"notcovered":0,"percent":0},"regions":{"count":0,"covered":0,"notcovered":0,"percent":0}}},{"filename":"/src/libjpeg-turbo.main/src/jpeglib.h","summary":{"branches":{"count":0,"covered":0,"notcovered":0,"percent":0},"functions":{"count":0,"covered":0,"percent":0},"instantiations":{"count":0,"covered":0,"percent":0},"lines":{"count":0,"covered":0,"percent":0},"mcdc":{"count":0,"covered":0,"notcovered":0,"percent":0},"regions":{"count":0,"covered":0,"notcovered":0,"percent":0}}},{"filename":"/src/libjpeg-turbo.main/src/jquant1.c","summary":{"branches":{"count":116,"covered":0,"notcovered":116,"percent":0},"functions":{"count":17,"covered":0,"percent":0},"instantiations":{"count":18,"covered":0,"percent":0},"lines":{"count":400,"covered":0,"percent":0},"mcdc":{"count":0,"covered":0,"notcovered":0,"percent":0},"regions":{"count":233,"covered":0,"notcovered":233,"percent":0}}},{"filename":"/src/libjpeg-turbo.main/src/jquant2.c","summary":{"branches":{"count":224,"covered":0,"notcovered":224,"percent":0},"functions":{"count":18,"covered":0,"percent":0},"instantiations":{"count":19,"covered":0,"percent":0},"lines":{"count":648,"covered":0,"percent":0},"mcdc":{"count":0,"covered":0,"notcovered":0,"percent":0},"regions":{"count":597,"covered":0,"notcovered":597,"percent":0}}},{"filename":"/src/libjpeg-turbo.main/src/jsamplecomp.h","summary":{"branches":{"count":0,"covered":0,"notcovered":0,"percent":0},"functions":{"count":0,"covered":0,"percent":0},"instantiations":{"count":0,"covered":0,"percent":0},"lines":{"count":0,"covered":0,"percent":0},"mcdc":{"count":0,"covered":0,"notcovered":0,"percent":0},"regions":{"count":0,"covered":0,"notcovered":0,"percent":0}}},{"filename":"/src/libjpeg-turbo.main/src/jstdhuff.c","summary":{"branches":{"count":12,"covered":0,"notcovered":12,"percent":0},"functions":{"count":2,"covered":0,"percent":0},"instantiations":{"count":4,"covered":0,"percent":0},"lines":{"count":99,"covered":0,"percent":0},"mcdc":{"count":0,"covered":0,"notcovered":0,"percent":0},"regions":{"count":19,"covered":0,"notcovered":19,"percent":0}}},{"filename":"/src/libjpeg-turbo.main/src/jutils.c","summary":{"branches":{"count":2,"covered":0,"notcovered":2,"percent":0},"functions":{"count":5,"covered":1,"percent":20},"instantiations":{"count":7,"covered":1,"percent":14.285714285714285},"lines":{"count":25,"covered":3,"percent":12},"mcdc":{"count":0,"covered":0,"notcovered":0,"percent":0},"regions":{"count":9,"covered":1,"notcovered":8,"percent":11.111111111111111}}},{"filename":"/src/libjpeg-turbo.main/src/rdbmp.c","summary":{"branches":{"count":234,"covered":0,"notcovered":234,"percent":0},"functions":{"count":9,"covered":0,"percent":0},"instantiations":{"count":9,"covered":0,"percent":0},"lines":{"count":465,"covered":0,"percent":0},"mcdc":{"count":0,"covered":0,"notcovered":0,"percent":0},"regions":{"count":352,"covered":0,"notcovered":352,"percent":0}}},{"filename":"/src/libjpeg-turbo.main/src/rdppm.c","summary":{"branches":{"count":312,"covered":0,"notcovered":312,"percent":0},"functions":{"count":21,"covered":0,"percent":0},"instantiations":{"count":23,"covered":0,"percent":0},"lines":{"count":606,"covered":0,"percent":0},"mcdc":{"count":0,"covered":0,"notcovered":0,"percent":0},"regions":{"count":508,"covered":0,"notcovered":508,"percent":0}}},{"filename":"/src/libjpeg-turbo.main/src/tjutil.h","summary":{"branches":{"count":0,"covered":0,"notcovered":0,"percent":0},"functions":{"count":0,"covered":0,"percent":0},"instantiations":{"count":0,"covered":0,"percent":0},"lines":{"count":0,"covered":0,"percent":0},"mcdc":{"count":0,"covered":0,"notcovered":0,"percent":0},"regions":{"count":0,"covered":0,"notcovered":0,"percent":0}}},{"filename":"/src/libjpeg-turbo.main/src/transupp.c","summary":{"branches":{"count":860,"covered":0,"notcovered":860,"percent":0},"functions":{"count":32,"covered":0,"percent":0},"instantiations":{"count":32,"covered":0,"percent":0},"lines":{"count":1683,"covered":0,"percent":0},"mcdc":{"count":0,"covered":0,"notcovered":0,"percent":0},"regions":{"count":1307,"covered":0,"notcovered":1307,"percent":0}}},{"filename":"/src/libjpeg-turbo.main/src/transupp.h","summary":{"branches":{"count":0,"covered":0,"notcovered":0,"percent":0},"functions":{"count":0,"covered":0,"percent":0},"instantiations":{"count":0,"covered":0,"percent":0},"lines":{"count":0,"covered":0,"percent":0},"mcdc":{"count":0,"covered":0,"notcovered":0,"percent":0},"regions":{"count":0,"covered":0,"notcovered":0,"percent":0}}},{"filename":"/src/libjpeg-turbo.main/src/turbojpeg-mp.c","summary":{"branches":{"count":228,"covered":19,"notcovered":209,"percent":8.3333333333333321},"functions":{"count":4,"covered":1,"percent":25},"instantiations":{"count":12,"covered":3,"percent":25},"lines":{"count":335,"covered":58,"percent":17.313432835820898},"mcdc":{"count":0,"covered":0,"notcovered":0,"percent":0},"regions":{"count":541,"covered":55,"notcovered":486,"percent":10.166358595194085}}},{"filename":"/src/libjpeg-turbo.main/src/turbojpeg.c","summary":{"branches":{"count":1474,"covered":10,"notcovered":1464,"percent":0.67842605156037994},"functions":{"count":84,"covered":3,"percent":3.5714285714285712},"instantiations":{"count":84,"covered":3,"percent":3.5714285714285712},"lines":{"count":2044,"covered":56,"percent":2.7397260273972601},"mcdc":{"count":0,"covered":0,"notcovered":0,"percent":0},"regions":{"count":3519,"covered":24,"notcovered":3495,"percent":0.68201193520886616}}},{"filename":"/src/libjpeg-turbo.main/src/turbojpeg.h","summary":{"branches":{"count":0,"covered":0,"notcovered":0,"percent":0},"functions":{"count":0,"covered":0,"percent":0},"instantiations":{"count":0,"covered":0,"percent":0},"lines":{"count":0,"covered":0,"percent":0},"mcdc":{"count":0,"covered":0,"notcovered":0,"percent":0},"regions":{"count":0,"covered":0,"notcovered":0,"percent":0}}},{"filename":"/src/libjpeg-turbo.main/src/wrbmp.c","summary":{"branches":{"count":142,"covered":0,"notcovered":142,"percent":0},"functions":{"count":9,"covered":0,"percent":0},"instantiations":{"count":9,"covered":0,"percent":0},"lines":{"count":326,"covered":0,"percent":0},"mcdc":{"count":0,"covered":0,"notcovered":0,"percent":0},"regions":{"count":212,"covered":0,"notcovered":212,"percent":0}}},{"filename":"/src/libjpeg-turbo.main/src/wrppm.c","summary":{"branches":{"count":70,"covered":40,"notcovered":30,"percent":57.142857142857139},"functions":{"count":10,"covered":8,"percent":80},"instantiations":{"count":12,"covered":10,"percent":83.333333333333343},"lines":{"count":166,"covered":123,"percent":74.096385542168676},"mcdc":{"count":0,"covered":0,"notcovered":0,"percent":0},"regions":{"count":111,"covered":84,"notcovered":27,"percent":75.675675675675677}}}],"totals":{"branches":{"count":11356,"covered":232,"notcovered":11124,"percent":2.042972877773864},"functions":{"count":712,"covered":41,"percent":5.7584269662921352},"instantiations":{"count":979,"covered":45,"percent":4.5965270684371804},"lines":{"count":22805,"covered":787,"percent":3.4509975882481911},"mcdc":{"count":0,"covered":0,"notcovered":0,"percent":0},"regions":{"count":23578,"covered":509,"notcovered":23069,"percent":2.1587920943252183}}}],"type":"llvm.coverage.json.export","version":"2.0.1"}